userName,customerId,name,age,gender,location,interests,preferences,annualIncome,education,occupation,postId,socialMediaPlatform,socialMediaContent,socialMediaTimeStamp,productId,purchaseHistory
dvEjuE,f1c3b29c-802e-488f-8696-46697ce9e4f0,Jacob King,67,M,East Rachelburgh,"['Kids', 'Adventure Activities', 'Home Essentials']","['Tax Savings', 'Digital Banking', 'Crypto']",8727512,PhD,Hydrologist,3123876,Instagram,Whats the best way to manage fluctuating inventory costs in the sports industry?,04:48:58,102151,"['realize', 'knowledge', 'us', 'identify', 'role']"
6jW2lz,d473309f-0963-44c4-b8da-7d43c93e6c68,Charles Torres,65,M,North Timothyborough,"['Adventure Activities', 'Streaming Subscriptions', 'Luxury Travel']","['Gym Subscription', 'Tax Savings', 'Discounts']",1700696,Bachelor,Engineering geologist,7333919,Reddit,Excited to get promoted! Time to plan for wealth creation,05:26:33,57624,"['that', 'my', 'performance', 'lose', 'research']"
DQXvip,19128236-bbdd-4ee3-b9f0-b8aa7fbac8af,Michael Figueroa,34,F,Johnsonhaven,"['Food Delivery', 'Mortgage Payments', 'Insurance']","['Family Insurance', 'Crypto', 'Wealth Management']",7235551,Bachelor,Barista,146292,Reddit,Any suggestions for travel credit cards in Bali,22:08:35,36577,"['environmental', 'range', 'popular', 'bag', 'big']"
gYpsdr,84f088fe-07cb-4a37-b5c4-dafe1d4f4878,Larry Taylor,74,M,Heatherhaven,"['Fixed Deposits', 'Family Vacations', 'High-End Gadgets']","['International Insurance', 'Retirement plans', 'Insurance']",1504870,Bachelor,"Engineer, broadcasting (operations)",896170,linkedIn,Trying out the new Tesla self-driving update. Feels like future!!,03:53:58,188373,"['military', 'figure', 'glass', 'old', 'still']"
PcNKsO,a527fbe4-eba3-4655-ad45-e679bd37dda4,David Martin,45,M,Lake April,"['Dining', 'Family Activities', 'Fixed Deposits']","['Health Insuance', 'Savings Accounts', 'Discounts']",6680914,High School,"Journalist, broadcasting",8526024,Facebook,Partnering with Financial institutions to offer exclusive payment plans for luxury buyers ,12:55:24,72203,"['between', 'guy', 'property', 'direction', 'despite']"
ZxDIQ1,9b5b62d1-def0-4416-8c43-3ef3fa6e6819,Jason Washington,74,F,Alexandermouth,"['Dining', 'Adventure Activities', 'Cameras']","['ETFs', 'Retirement Saving', 'Crypto']",3181803,High School,Set designer,7604663,Twitter,The rising costs of premium fabrics is impacting pricing strategy. Exploring Financial options!,15:36:25,43163,"['technology', 'rich', 'effort', 'then', 'night']"
yUqV7C,be19dfee-210b-4037-b4ff-17b8adcbca65,Jamie Powell,66,F,South Jessica,"['Healthcare', 'Insurance', 'Luxury Shopping']","['ETFs', 'Digital Banking', 'Retirement Saving']",9110982,PhD,"Designer, interior/spatial",6508340,linkedIn,Concerned about the recent market volatility.,16:45:10,4602,"['deep', 'treatment', 'require', 'difficult', 'grow']"
T0I3pe,1653cb64-b9c2-43ac-8633-c19de1d8c813,David Woods,64,M,North Ashley,"['Travel', 'Hotels', 'Online Shopping']","['Digital Banks', 'New Arrivals', 'Home Loan']",4997169,Bachelor,"Therapist, speech and language",6345870,linkedIn,Anyone know a good real estate broker? Looking for my first home!!,01:59:08,9517,"['phone', 'peace', 'project', 'structure', 'alone']"
aSAEL3,da6e61ee-095d-4448-8985-8c50d97c4074,Kathy Rogers,32,F,Lake Angela,"['Business Networking', 'Family Activities', 'Fine Dining']","['Pension Management', 'Tax Savings', 'Digital Banks']",3081198,PhD,Games developer,8189232,Facebook,Retirement planning should start early. Wish I had done more.,11:22:34,14860,"['discussion', 'create', 'voice', 'run', 'street']"
l8kSwD,6f49f08e-cb24-4411-8c14-4f7afc179296,Michelle Gonzalez,77,F,Jennifershire,"['Fine Dining', 'Flights', 'Tech Gadgets']","['Health Insuance', 'Travel credit Crads', 'Crypto']",6632866,PhD,Manufacturing systems engineer,1884885,linkedIn,Trying out new beauty products!,07:23:00,137611,"['Congress', 'through', 'least', 'phone', 'half']"
flhuia,af4589e6-0cda-4775-820c-d8c687f47e71,Holly Bell,76,F,Jacobhaven,"['Real Estate', 'Dining', 'High-End Gadgets']","['International Insurance', 'Health Insuance', 'Certificates of Deposits']",2803493,High School,Ceramics designer,5873831,Instagram,Happy with the new premium credit card benefits!,02:06:59,95201,"['pretty', 'trouble', 'class', 'off', 'gas']"
y58G3m,84a07239-d817-40f2-b698-8126ec0c6a35,Jenny Hamilton,66,M,Lake Amber,"['Luxury Travel', 'Tech Gadgets', 'Education']","['Digital Banking', 'Tax Savings', 'Digital Banks']",1405526,Bachelor,"Designer, jewellery",7283723,Instagram,Struggling with delayed invoice payments - need better financial management tools,15:32:42,22426,"['as', 'lawyer', 'participant', 'bank', 'phone']"
z5HuGB,21ea7877-04b1-45af-b004-dfd2d44d5e6f,Kelly Rodriguez,73,F,Reillyfurt,"['Education', 'Family Vacations', 'Cameras']","['Small Business Financing', 'ETFs', 'Travel Credit Cards']",6966414,High School,Financial planner,3007981,linkedIn,Just finished a 5K run! Need new running shoes. Any suggestions?,19:07:58,23623,"['alone', 'day', 'thus', 'way', 'begin']"
MaNo4H,06493054-b49a-4b9d-af37-3607762625b1,Kevin Foster,58,M,North Jill,"['Fine Dining', 'Mortgage Payments', 'Family Activities']","['Digital Banking', 'Pension Management', 'Digital Banks']",1097815,PhD,Chief Technology Officer,2120598,Reddit,Capturing beautiful moments with newly bought iphone! Love BNPL!!,20:43:37,106513,"['look', 'since', 'left', 'reality', 'act']"
IMZQdk,5897e81d-4115-485f-a01b-045920930786,Frank Patrick,29,M,Louisborough,"['Insurance', 'Wellness', 'Education']","['Digital Banks', 'Digital Banking', 'Crypto']",1342590,High School,Administrator,7088026,Twitter,Looking for sustainable financing solutions to scale ethical production,13:05:21,20749,"['seat', 'direction', 'indicate', 'dark', 'simply']"
DTJ7cJ,0c4e99e8-86cc-47cf-b519-4edcea0eb147,Victoria Dickson,42,F,South Kylemouth,"['Cameras', 'Dining', 'Adventure Activities']","['Gym Subscription', 'Tax Advisory', 'Small Business Financing']",2888117,High School,Oceanographer,937543,Instagram,Any suggestions for travel credit cards in Bali,19:16:31,26488,"['range', 'teacher', 'eight', 'officer', 'fill']"
NyG26X,5b39ab39-3e13-47fa-a6de-c2735205b093,Alexis Wilson,60,F,North Keith,"['Gaming', 'Wellness', 'Dining']","['Crypto', 'Investment Portfolios', 'BNPL']",3343654,Bachelor,"Pharmacist, hospital",9444749,Reddit,Trying out the new Tesla self-driving update. Feels like future!!,02:39:08,81014,"['check', 'raise', 'raise', 'why', 'each']"
UjpHk2,03d057ba-5756-4554-b0cd-2a4af1df475d,Jason Walker,19,F,Danielsbury,"['Family Activities', 'High-End Gadgets', 'Healthcare']","['Retirement plans', 'Medicare Plans', 'Subscription Services']",8298394,Master,"Designer, textile",6306330,Twitter,Excited to get promoted! Time to plan for wealth creation,07:33:11,141735,"['machine', 'technology', 'computer', 'ago', 'mother']"
JChDC7,bf6660e6-f019-400d-b96a-6a8d3be98ee3,Stephanie Warren,56,F,Robertmouth,"['Mortgage Payments', 'Family Vacations', 'Finance Investments']","['Investment Portfolios', 'Family Insurance', 'Insurance']",5986389,High School,Horticultural consultant,7748241,Instagram,Whats the best way to integrate blockchain for textile supply chain transparency?,19:45:28,58199,"['Mr', 'reason', 'cultural', 'write', 'near']"
ZaTiKe,f02e7bca-2ea9-459e-9f79-0db001c4d74e,Ashley Cobb,63,M,Jamesview,"['Online Shopping', 'Food Delivery', 'Adventure Activities']","['Health & Life Insurance', 'Retirement plans', 'Investment Portfolios']",4091589,PhD,Television floor manager,9622499,Instagram,Why do banks charge so many hidden feed? I need a no-fee checking account,12:16:20,174420,"['hand', 'without', 'about', 'region', 'item']"
J8gnWj,a9139c05-f935-4d90-bab9-00782ee8f14f,Kevin Schwartz,28,M,New Michelleview,"['Finance Investments', 'Online Shopping', 'Luxury Travel']","['Medicare Plans', 'Private Banking', 'International Insurance']",4313256,High School,Chiropodist,8112717,Twitter,Switching to a new payroll system any recommendation for banking integration?,19:34:04,189363,"['responsibility', 'huge', 'still', 'spend', 'people']"
MHdJmF,fc7333e6-1a4e-4471-9cea-eeac623c0be6,Nicholas Mcclure,23,F,East Thomas,"['Insurance', 'Budget Shopping', 'Luxury Travel']","['Home Loan', 'New Arrivals', 'Savings Accounts']",7689483,Bachelor,"Engineer, technical sales",8067035,Twitter,Managing cash flow during seasonal demand shifts is always a challenge - need better financing options,15:36:42,150489,"['itself', 'east', 'significant', 'upon', 'phone']"
6FfSlS,2726d225-6eea-45bd-9715-4b8ecc57763a,Nichole Cruz,25,M,South Robert,"['Insurance', 'Flights', 'Streaming Subscriptions']","['BNPL', 'Mortgage', 'Retirement Saving']",1842463,Bachelor,Occupational hygienist,3325168,Reddit,Retirement planning should start early. Wish I had done more.,03:20:41,69085,"['couple', 'writer', 'source', 'price', 'than']"
JV7P2Z,ea3a431c-f8cc-42a3-bdab-ad8531786483,Joseph Downs,52,F,Paulberg,"['Wellness', 'Mortgage Payments', 'Food Delivery']","['Discounts', 'New Arrivals', 'Crypto']",4917752,Bachelor,"Journalist, newspaper",8791632,Instagram,Why is my gym membership so expensive? Thinking of switching.,12:57:32,53804,"['interesting', 'them', 'customer', 'southern', 'service']"
sCOrZ1,14eb4da1-17ea-4a23-9a8d-3a80d011d1bb,Rebekah Watson,18,M,Burkemouth,"['Adventure Activities', 'Travel', 'High-End Gadgets']","['Mortgage', 'Family Insurance', 'Private Banking']",5111569,Bachelor,Health and safety inspector,4278927,Facebook,Exciting collaborations coming soon!! Guess which celeb is joining our campaign?,21:36:15,134458,"['no', 'though', 'report', 'behind', 'level']"
4KT336,24bbaf2e-26a0-4c19-8456-492741d2d1e8,Kimberly Franco,77,F,Martinstad,"['Food Delivery', 'Fixed Deposits', 'Luxury Travel']","['Tax Savings', 'Home Loan', 'Travel Credit Cards']",7025039,PhD,Housing manager/officer,8122487,linkedIn,Happy with the new premium credit card benefits!,06:42:39,163817,"['something', 'team', 'by', 'him', 'tree']"
JreNla,96110963-e7b6-4ada-84e9-8240bfaea426,Zachary Jones,31,M,North Sheilaville,"['Gaming', 'Fine Dining', 'Fixed Deposits']","['Crypto', 'Retirement plans', 'Gym Subscription']",4345739,PhD,Oncologist,5753724,Instagram,Just finished a 5K run! Need new running shoes. Any suggestions?,13:12:35,140876,"['sometimes', 'item', 'meet', 'suffer', 'campaign']"
SZSbcH,0cad03f7-4383-4cc9-8fd5-e29368f5dff4,Shane Johnson,49,F,Bellberg,"['Budget Shopping', 'Wellness', 'Streaming Subscriptions']","['Insurance', 'Discounts', 'New Arrivals']",9530283,Master,Financial controller,8492061,Twitter,Looking for efflicent supply chain financing to handle seasonal demand spikes,13:59:52,61015,"['second', 'with', 'knowledge', 'industry', 'before']"
dHtQ0X,3143bf80-9a57-44e6-8ba2-a9f804e7c6ee,Christy Mccormick MD,32,F,Smithfurt,"['Flights', 'High-End Gadgets', 'Travel']","['Private Banking', 'Digital Banks', 'Tax Savings']",2061256,PhD,"Administrator, education",551748,Facebook,Why is my gym membership so expensive? Thinking of switching.,02:49:23,146206,"['book', 'tax', 'fill', 'physical', 'administration']"
UHWs5v,9e77b062-9fe9-4951-b09d-ecc5ec9ca9da,Paul Herrera,78,F,West Williamstad,"['Budget Shopping', 'Tech Gadgets', 'Family Vacations']","['BNPL', 'Wealth Management', 'Travel Credit Cards']",7399380,High School,Garment/textile technologist,295185,Reddit,Retirement planning should start early. Wish I had done more.,23:36:05,1272,"['senior', 'follow', 'bit', 'simple', 'be']"
PI1ynO,3b6b6ca0-283e-42c1-8008-b364d92de609,Brenda Morales,48,F,Lake Amberton,"['Kids', 'Finance Investments', 'Fixed Deposits']","['Investment Portfolios', 'Family Insurance', 'Mortgage']",7608512,Master,Cabin crew,2327948,linkedIn,Looking for sustainable financing solutions to scale ethical production,07:38:40,41861,"['yeah', 'song', 'laugh', 'stuff', 'idea']"
RssNeP,9041c527-f40a-4612-867b-b89165cd2995,Thomas Keith,79,F,Bishopton,"['Insurance', 'Finance Investments', 'Adventure Activities']","['Discounts', 'Retirement plans', 'Travel credit Crads']",9033875,Bachelor,Broadcast journalist,6754761,Instagram,Looking for sustainable financing solutions to scale ethical production,20:21:53,21795,"['know', 'might', 'product', 'hear', 'particularly']"
L4gE52,5ed5aae5-8541-4adb-a5c5-1d833492e09d,Zachary Jordan,42,M,Lake Donald,"['Gaming', 'Finance Investments', 'Food Delivery']","['Home Loan', 'Private Banking', 'Investment Portfolios']",4168851,High School,Database administrator,252033,Reddit,Struggling to stick to my budget this month.,23:29:05,44436,"['important', 'wonder', 'blood', 'hope', 'together']"
OHl04g,5073c200-ebf5-423b-ab3e-47cf3331632d,Corey Wilson,55,F,Port Donald,"['Hotels', 'Business Networking', 'Cameras']","['Tax Savings', 'BNPL', 'Digital Banks']",5494773,Bachelor,Data scientist,2501608,Reddit,Sponsoring atheletes is costly. Any creative financing options to support brand ambassadors?,16:01:32,197774,"['TV', 'miss', 'find', 'must', 'sit']"
9LYDEk,2dc2470c-f195-4b00-aefe-f17501c9e5c6,Jeffrey Ho,43,M,North Jesuschester,"['Business Networking', 'Family Vacations', 'Gaming']","['Tax Savings', 'Digital Banking', 'Tax Savings']",6886904,Master,"Scientist, biomedical",1026422,Twitter,Our latest organic products are now available in Whole Foods! Expanding distrbution channels!,18:59:33,143221,"['position', 'economic', 'space', 'agree', 'suggest']"
KFW19A,b13dd28c-eb0e-4bf0-9baa-2e425df36943,William Davis,45,F,Michelleburgh,"['Luxury Travel', 'Healthcare', 'Insurance']","['ETFs', 'Pension Management', 'Digital Banking']",9735022,High School,"Accountant, chartered certified",7665223,Twitter,Any suggestions for travel credit cards in Bali,06:57:37,110755,"['its', 'church', 'politics', 'necessary', 'around']"
zBBgdu,899390fa-06e1-4774-8c3c-304c8b970658,Robert Reese,21,M,Caitlinfurt,"['Streaming Subscriptions', 'Luxury Shopping', 'Dining']","['New Arrivals', 'ETFs', 'BNPL']",4566030,High School,"Engineer, communications",2320965,Instagram,Can't wait for the new game release!,16:24:24,139724,"['off', 'fact', 'rate', 'beyond', 'walk']"
QNqEYH,330525be-571e-4c46-8703-8ad79a445765,Robert Hull II,78,F,Thorntontown,"['Tech Gadgets', 'Online Shopping', 'Business Networking']","['Insurance', 'Subscription Services', 'Travel credit Crads']",3080068,PhD,Geophysicist/field seismologist,2978337,linkedIn,Thinking of upgrading my car! Any loan suggestions?,03:56:27,194363,"['occur', 'able', 'security', 'teacher', 'nation']"
H3KRdf,fb30a96a-bfa0-4313-883a-eeaf26645e10,Dwayne Alvarado,43,M,West Scott,"['Finance Investments', 'Dining', 'Mortgage Payments']","['Travel Credit Cards', 'Certificates of Deposits', 'Health Insuance']",6296377,Bachelor,"Runner, broadcasting/film/video",5219293,linkedIn,Retirement planning should start early. Wish I had done more.,12:19:24,70529,"['close', 'sister', 'if', 'suggest', 'on']"
PZZLFV,47230530-b9e8-44ce-a31c-d83d82f21656,Jennifer Mitchell,20,M,Rossland,"['Fixed Deposits', 'Streaming Subscriptions', 'Budget Shopping']","['Gym Subscription', 'Tax Advisory', 'Wealth Management']",6120494,PhD,"Designer, furniture",5464229,Reddit,Looking for sustainable financing solutions to scale ethical production,04:11:34,73324,"['left', 'any', 'yourself', 'born', 'long']"
HJevX2,0af42d91-a55a-4795-bdcf-d295e7f918d9,Angela Crane,56,F,North Cheryl,"['Gaming', 'Cameras', 'Streaming Subscriptions']","['Retirement Saving', 'Crypto', 'Medicare Plans']",5608675,High School,"Editor, film/video",5164158,linkedIn,Can't wait for the new game release!,08:30:56,112005,"['probably', 'cover', 'smile', 'stock', 'religious']"
s0MXZc,d276c429-9021-441a-aa53-f4b8648fa280,Carol Bullock,58,M,New Margaret,"['Luxury Shopping', 'Online Shopping', 'Budget Shopping']","['Crypto', 'Family Insurance', 'ETFs']",5914816,Master,Tour manager,7892151,Twitter,Whats the best smart watch for productivity? Apple or Garmin?,10:26:40,135379,"['realize', 'any', 'everyone', 'program', 'discussion']"
mo3Xdu,d61dc09f-764b-4b6b-b422-bb2db5a1a95a,James Ramirez,21,M,North Mariafurt,"['Budget Shopping', 'Insurance', 'High-End Gadgets']","['Travel Credit Cards', 'ETFs', 'Digital Banking']",41611,High School,Herpetologist,1773299,Facebook,Need to start saving more. Thinking of opening a deposit account,02:39:54,10964,"['try', 'candidate', 'reality', 'believe', 'executive']"
f3m0rh,867c6e0d-28fc-440b-ade4-8a6e5c7c5bbc,Lee Taylor,39,F,New Christopherstad,"['Adventure Activities', 'Business Networking', 'Healthcare']","['Pension Management', 'Health Insuance', 'Home Loan']",4534206,High School,Seismic interpreter,8899233,Reddit,"Old movies were a delight to eyes. These days, its just action!!!",15:32:30,60324,"['million', 'factor', 'receive', 'start', 'care']"
XzF290,73cf2e74-18dd-45b9-8298-27087f1f11dc,Tiffany Martinez,24,M,New Haroldhaven,"['Healthcare', 'Luxury Shopping', 'Kids']","['Tax Advisory', 'Travel credit Crads', 'Small Business Financing']",6494292,Master,"Research officer, trade union",6090644,Reddit,Loving the new fashion trends this season!,11:45:45,157715,"['third', 'about', 'culture', 'win', 'should']"
Qu0z1w,fcb6a61a-759e-4aa0-9175-f9d394854b49,Hannah Caldwell,76,F,West Lorrainemouth,"['Mortgage Payments', 'Home Essentials', 'Education']","['Discounts', 'Retirement plans', 'Tax Advisory']",5535164,High School,"Runner, broadcasting/film/video",8373384,linkedIn,Need to start saving more. Thinking of opening a deposit account,10:28:24,66270,"['say', 'plan', 'late', 'machine', 'also']"
LxCrwz,ccb00387-4d0b-47a6-9129-618a58ee93ba,Taylor Hernandez,33,M,South Jessica,"['Insurance', 'Fine Dining', 'Food Delivery']","['Family Insurance', 'Tax Advisory', 'Travel credit Crads']",8573918,Bachelor,"Psychotherapist, dance movement",7570414,Reddit,Exciting collaborations coming soon!! Guess which celeb is joining our campaign?,10:16:53,83190,"['practice', 'staff', 'garden', 'bed', 'ball']"
rx3neS,9c982756-991d-4185-9e8a-240e1eb55277,Earl Pineda,78,F,Port Melissa,"['Flights', 'Adventure Activities', 'Business Networking']","['Travel Credit Cards', 'Crypto', 'Digital Banking']",3272925,PhD,Financial manager,2908917,Facebook,Advising UHNW clients on diversifying portfolios into aternative assets like art and crypto ,06:22:38,34783,"['particularly', 'effect', 'reduce', 'scene', 'own']"
TbgC6j,8671e55c-2d24-4413-ab17-b33b7eb8f431,Michael Carroll,26,F,North Kenneth,"['Healthcare', 'Flights', 'Finance Investments']","['Medicare Plans', 'International Insurance', 'Certificates of Deposits']",9286606,High School,Clinical research associate,2005150,Facebook,Anyone know a good real estate broker? Looking for my first home!!,19:32:38,43946,"['according', 'development', 'citizen', 'fire', 'myself']"
y2Jnvi,d29d44e6-75d7-474d-a5d8-0b3137912c9a,James Harris,53,F,Lake Lorraine,"['Kids', 'Real Estate', 'Travel']","['Tax Savings', 'Insurance', 'Health & Life Insurance']",8288687,Master,Barista,811707,linkedIn,Can't wait for the new game release!,02:49:18,173369,"['research', 'half', 'commercial', 'letter', 'finally']"
Uhhgf2,df231d64-cb77-425e-8978-b0b8cf46d494,Christy Mcconnell,50,F,South Michelle,"['Kids', 'Family Vacations', 'Hotels']","['Investment Portfolios', 'Savings Accounts', 'Travel Credit Cards']",7412146,High School,Curator,6976742,Reddit,Whats the best smart watch for productivity? Apple or Garmin?,00:56:12,116091,"['able', 'side', 'same', 'politics', 'quite']"
Ikx0ST,37e61093-5c71-4c7e-ad9d-306491cbaead,Mary Strickland,68,F,Fernandezstad,"['Luxury Travel', 'Insurance', 'High-End Gadgets']","['Medicare Plans', 'Digital Banking', 'Travel credit Crads']",62827,Bachelor,"Surveyor, commercial/residential",9446083,linkedIn,Concerned about the recent market volatility.,20:02:09,2982,"['social', 'southern', 'read', 'pressure', 'moment']"
fjreF8,8f109696-f686-4af0-8f7f-445c5bdfabb5,Gabriel Cox,68,M,Elizabethfurt,"['Fine Dining', 'Flights', 'Food Delivery']","['Small Business Financing', 'Crypto', 'Tax Advisory']",9932660,High School,Lawyer,8533909,Reddit,Can't wait for the new game release!,16:11:20,81030,"['they', 'staff', 'bring', 'example', 'three']"
e5f1M6,e8d2aa2d-4442-4ac0-b699-b8f20e77635a,Richard Mckay,40,M,Mitchellmouth,"['Mortgage Payments', 'Dining', 'Online Shopping']","['Mortgage', 'Gym Subscription', 'International Insurance']",9090183,Master,Sport and exercise psychologist,6516954,Facebook,Why do banks charge so many hidden feed? I need a no-fee checking account,07:15:19,128845,"['brother', 'kitchen', 'bar', 'church', 'interview']"
lYYGCj,14956d12-96c6-4e65-ac1d-4bf46e5766dc,Leslie Cline,58,M,Tammyville,"['Family Activities', 'Dining', 'Home Essentials']","['Digital Banking', 'Subscription Services', 'Tax Savings']",4084431,Bachelor,Contractor,3328149,Facebook,Meal prepping for the family! Need new lunchbox ideas,11:04:24,195282,"['story', 'quite', 'end', 'might', 'laugh']"
A1QVeh,40cfc657-3ad7-45c6-bb6d-d13efdd58fa3,Sydney Marshall,71,F,Aaronville,"['Flights', 'Online Shopping', 'High-End Gadgets']","['Tax Advisory', 'BNPL', 'Wealth Management']",9263929,High School,"Conservation officer, nature",5608514,Facebook,Trying out the new Tesla self-driving update. Feels like future!!,14:37:14,112242,"['where', 'peace', 'I', 'yet', 'fill']"
f6Eoup,d594714b-8b90-4b59-8fc2-d223f62257de,Jason Smith,62,M,New Joshuahaven,"['Online Shopping', 'High-End Gadgets', 'Travel']","['Insurance', 'Certificates of Deposits', 'ETFs']",3722515,PhD,Chiropodist,3734352,Reddit,Struggling with delayed invoice payments - need better financial management tools,23:52:55,137655,"['condition', 'war', 'relate', 'increase', 'century']"
i6cS7Y,4ec2aae8-a238-4ade-b281-67fe71026ba7,Kevin Horton,26,F,Lake Kentview,"['Luxury Travel', 'Family Vacations', 'Flights']","['Digital Banking', 'Tax Advisory', 'Wealth Management']",6105815,Bachelor,Chief Financial Officer,840678,Instagram,Whats the best way to integrate blockchain for textile supply chain transparency?,17:23:16,10338,"['catch', 'trade', 'reality', 'manage', 'show']"
ybcy9D,b7723c86-0e0d-469c-b299-8027b05babe1,Kelly Williams,67,F,Port Jessica,"['Family Activities', 'Wellness', 'Tech Gadgets']","['Investment Portfolios', 'ETFs', 'Gym Subscription']",7629276,High School,"Journalist, broadcasting",2386481,Instagram,Our latest organic products are now available in Whole Foods! Expanding distrbution channels!,11:18:41,65794,"['car', 'base', 'grow', 'your', 'become']"
Vu159t,bfa60f5d-a708-4b9b-9a49-80d5d32f02ad,Tiffany Perez,28,F,South Jennifermouth,"['Budget Shopping', 'Food Delivery', 'Tech Gadgets']","['Digital Banking', 'Discounts', 'Investment Portfolios']",8626953,Master,Child psychotherapist,5939332,Twitter,Considering a mortgage for my first home.,00:01:49,33853,"['shoulder', 'trade', 'mean', 'brother', 'people']"
VWuH7X,ca715fc4-ed9c-4eba-9bdd-a0b5a808a565,Natalie Rice,73,F,Fowlerhaven,"['Fine Dining', 'Gaming', 'Cameras']","['Medicare Plans', 'Health & Life Insurance', 'Travel Credit Cards']",8396191,High School,"Merchandiser, retail",648536,Instagram,Need to start saving more. Thinking of opening a deposit account,14:58:33,166136,"['fight', 'camera', 'third', 'management', 'item']"
3MW88m,926ceed7-d585-402d-b9a3-fe38fbd21136,Hannah Lewis,71,M,Whiteheadfurt,"['Real Estate', 'Family Activities', 'Dining']","['Subscription Services', 'Family Insurance', 'Digital Banking']",4980879,High School,Retail merchandiser,7661057,Twitter,Proud to be certified organic! Every thread tells a story of sustainability!,06:26:52,153054,"['hear', 'company', 'catch', 'resource', 'half']"
u2ymNt,ed38a1b8-e0ba-402d-b572-6718cf366645,Christopher Mills,41,F,South Michaelchester,"['Family Vacations', 'Streaming Subscriptions', 'Professional Development']","['Wealth Management', 'Subscription Services', 'Digital Banking']",5384283,Master,"Therapist, speech and language",9442574,Twitter,Advising UHNW clients on diversifying portfolios into aternative assets like art and crypto ,17:52:31,81240,"['there', 'million', 'poor', 'exist', 'very']"
sbI5B6,ba8a4230-9b67-47fd-9a2d-0cd2cba0b39b,Angela Howard,71,M,Wardtown,"['Budget Shopping', 'Luxury Travel', 'Cameras']","['ETFs', 'Home Loan', 'Private Banking']",5030835,PhD,Sports development officer,9549597,linkedIn,Stock market is volatile again. Should I move to safer investment?,15:44:50,18064,"['tree', 'whose', 'reduce', 'tell', 'thing']"
MwmrUm,d07bd8b7-bc2c-47f0-af6d-366b8bfcf512,Kimberly Cohen,27,M,East Bobby,"['Home Essentials', 'Family Activities', 'Fine Dining']","['Travel Credit Cards', 'BNPL', 'Home Loan']",5433774,PhD,"Scientist, product/process development",4659437,Reddit,Navigating fluctuations raw material prices!! Cash Flow planning is KEY!,20:54:14,71155,"['dinner', 'job', 'father', 'let', 'reduce']"
p9SBAc,0c38047a-1b22-4946-ac52-6432a9afa625,James Gonzales,59,F,Johnsonview,"['Wellness', 'Real Estate', 'Food Delivery']","['Health & Life Insurance', 'BNPL', 'New Arrivals']",8681364,PhD,"Surveyor, planning and development",1340192,Instagram,Loving the new fashion trends this season!,07:23:18,36371,"['up', 'manager', 'across', 'blue', 'claim']"
UcgJPB,1d28f729-f479-4464-be2e-9c47cdf6c5af,Eric Reese MD,36,M,Port Royfort,"['Luxury Shopping', 'Family Activities', 'Home Essentials']","['Home Loan', 'Investment Portfolios', 'Savings Accounts']",5777123,Bachelor,Multimedia programmer,4844027,linkedIn,Expanding our brand to international markets any recommendations for cross border payments solutions?,00:19:06,167515,"['property', 'particular', 'cover', 'voice', 'thing']"
MwkZeR,7b694c3f-c5f4-49dd-a437-ffe097e9d1e9,Joseph Williams,50,F,Grantbury,"['Mortgage Payments', 'Budget Shopping', 'Fixed Deposits']","['Discounts', 'Small Business Financing', 'Digital Banks']",2535042,Master,Art gallery manager,2500337,linkedIn,Marketing volatility ahea-looking at safer hedge fund strategies,03:00:16,12446,"['forward', 'stay', 'blue', 'story', 'conference']"
chjRZA,26076c42-880a-4dd0-9886-88f129888bdd,Jared Walker,59,M,Lewisfurt,"['Healthcare', 'Gaming', 'Fine Dining']","['Subscription Services', 'Mortgage', 'Retirement Saving']",8618712,Bachelor,Nutritional therapist,2261147,linkedIn,Trying out the new Tesla self-driving update. Feels like future!!,06:37:02,16810,"['whatever', 'memory', 'international', 'to', 'population']"
FggLzs,52f01498-0c53-474e-a2b2-f59ef8f0ec09,Brenda Powers,35,M,West Karlaside,"['Education', 'Business Networking', 'Luxury Travel']","['Wealth Management', 'Retirement Saving', 'BNPL']",5732306,PhD,Systems analyst,868795,Facebook,Proud to be certified organic! Every thread tells a story of sustainability!,19:23:13,133328,"['until', 'environmental', 'production', 'for', 'order']"
cWpow1,c62585ac-10b0-45ea-bf47-7aed88e60dc4,Dominic Vazquez,54,F,East Laura,"['Education', 'Mortgage Payments', 'Real Estate']","['Home Loans', 'Savings Accounts', 'Investment Portfolios']",1765686,PhD,TEFL teacher,6434667,Twitter,Any suggestions for travel credit cards in Bali,08:34:24,90300,"['exactly', 'light', 'car', 'site', 'art']"
YjHAep,3a57c868-e4fc-48d2-991a-ca05dcede21b,John Rogers,18,F,South Shawn,"['Luxury Shopping', 'Healthcare', 'Family Vacations']","['Health & Life Insurance', 'BNPL', 'Digital Banking']",8309349,PhD,Chief Operating Officer,7742737,Reddit,Loving the new fashion trends this season!,12:11:54,58705,"['carry', 'state', 'huge', 'food', 'century']"
hA2Ie1,f3e5e9ba-991a-4a9f-98bc-080580bda423,Mr. Thomas Berry,54,F,Watsonport,"['Education', 'Real Estate', 'Food Delivery']","['Mortgage', 'Digital Banks', 'Retirement plans']",4961033,Bachelor,Management consultant,1963318,Twitter,Whats the best way to manage fluctuating inventory costs in the sports industry?,21:49:30,85193,"['door', 'bed', 'good', 'prevent', 'glass']"
lxzR7o,d4f919ba-54b6-4919-abd3-4dd3ab980113,Regina Cline,41,M,Warnermouth,"['High-End Gadgets', 'Fixed Deposits', 'Flights']","['Subscription Services', 'Mortgage', 'ETFs']",6117104,Bachelor,Forensic scientist,3515009,linkedIn,Crypto is the future. Just bought my first Ethereum!!,00:45:47,66087,"['science', 'the', 'toward', 'field', 'eye']"
pPSIVM,bb2089b1-6188-4d4e-a1c7-5d31763543e9,James Baxter,76,M,Lynchland,"['Family Activities', 'Hotels', 'Fixed Deposits']","['Travel Credit Cards', 'Wealth Management', 'BNPL']",1003140,PhD,Archaeologist,1071280,Facebook,Exploring sustainable finance options to expand our organice farm operations!,06:19:03,145288,"['phone', 'man', 'structure', 'somebody', 'data']"
9YLfFw,cbc1362a-b485-4442-b969-dbed55db36e7,William Collins,76,M,Lake Coletown,"['Mortgage Payments', 'Real Estate', 'Family Activities']","['Gym Subscription', 'Insurance', 'Health & Life Insurance']",2179893,Bachelor,Psychiatrist,1026546,Instagram,Need to start saving more. Thinking of opening a deposit account,19:14:29,39208,"['stuff', 'matter', 'interview', 'everyone', 'strong']"
U6cccK,b7aeebcc-1852-4ff6-b37e-c1db43d4040f,Brian Horn,41,M,Alexanderberg,"['Hotels', 'Home Essentials', 'Family Vacations']","['Health & Life Insurance', 'Health Insuance', 'ETFs']",1216028,Master,"Clinical scientist, histocompatibility and immunogenetics",1026761,Facebook,Our latest organic products are now available in Whole Foods! Expanding distrbution channels!,00:28:16,179010,"['arrive', 'real', 'method', 'note', 'like']"
T2iIaP,a8ff43f1-7839-48c1-b43f-ba7dfc17b7a0,William Patel,76,F,Davidville,"['Dining', 'Professional Development', 'Gaming']","['Home Loan', 'Digital Banking', 'Medicare Plans']",8061902,High School,"Clinical scientist, histocompatibility and immunogenetics",6502301,Twitter,Capturing beautiful moments with newly bought iphone! Love BNPL!!,02:53:45,173582,"['structure', 'tell', 'school', 'fast', 'from']"
0hWKu3,ea7c22fd-7caf-4bb3-8474-ae014d746464,James Brock,74,F,Angelashire,"['Budget Shopping', 'Wellness', 'Tech Gadgets']","['Tax Savings', 'Gym Subscription', 'Home Loan']",2486636,High School,"Psychologist, prison and probation services",55501,Instagram,Proud to be certified organic! Every thread tells a story of sustainability!,21:05:59,105339,"['shoulder', 'beat', 'rich', 'second', 'news']"
ruSCQB,8ec34a57-7232-4794-8001-70d14516df3a,Michael Ponce,80,M,Lake Reneeshire,"['Travel', 'Family Vacations', 'Luxury Shopping']","['International Insurance', 'Gym Subscription', 'New Arrivals']",5098787,PhD,Animator,1005438,Twitter,Expanding our brand to international markets any recommendations for cross border payments solutions?,21:19:27,162690,"['various', 'buy', 'care', 'chance', 'fill']"
SwZ1CR,4fed94f4-b20b-43aa-86ab-afb95fa6e2b9,Benjamin Davis,68,M,Reedton,"['Family Activities', 'Flights', 'Insurance']","['Savings Accounts', 'Tax Savings', 'Health & Life Insurance']",8073035,High School,"Designer, exhibition/display",86690,Instagram,Retirement planning should start early. Wish I had done more.,06:23:50,116729,"['arm', 'high', 'enjoy', 'treatment', 'financial']"
2vz23a,1f42ef81-24ce-4d5c-ba61-175bc3913481,Natalie Cook,66,F,West Carolside,"['Healthcare', 'Hotels', 'Kids']","['Health Insuance', 'Digital Banking', 'Digital Banks']",1296202,High School,Automotive engineer,1944404,Facebook,Partnering with Financial institutions to offer exclusive payment plans for luxury buyers ,18:25:15,76185,"['a', 'money', 'radio', 'draw', 'total']"
GWDPWQ,17c1e85a-a8cb-4ef9-8d21-8058491c5424,Scott Delgado,46,M,Leeshire,"['Wellness', 'Online Shopping', 'Kids']","['Private Banking', 'Insurance', 'International Insurance']",9677845,Bachelor,Adult guidance worker,6743732,Instagram,Happy with the new premium credit card benefits!,20:25:19,66343,"['cut', 'laugh', 'government', 'attack', 'probably']"
osOFsH,bb4b3162-8bc0-4b0c-a882-e4dc3981265f,Kaitlyn Roberts,40,F,Wisehaven,"['Real Estate', 'Business Networking', 'Luxury Shopping']","['Travel Credit Cards', 'BNPL', 'Digital Banks']",6682752,Bachelor,Accommodation manager,9898118,Reddit,Navigating fluctuations raw material prices!! Cash Flow planning is KEY!,02:46:52,104350,"['level', 'clearly', 'particular', 'everybody', 'that']"
0HMk0u,2099f29e-10b2-4293-b2c2-935e24f9804c,Lori Cooper,40,F,Cruzburgh,"['Flights', 'Adventure Activities', 'Mortgage Payments']","['Family Insurance', 'Digital Banks', 'Discounts']",8453370,Bachelor,Best boy,4772192,linkedIn,Considering a mortgage for my first home.,17:17:38,124527,"['after', 'because', 'institution', 'war', 'customer']"
pBfA60,dc317e0f-0c32-4089-828e-4d3249c295a6,Jeffrey Davis,20,M,Mirandatown,"['Hotels', 'Insurance', 'Healthcare']","['Discounts', 'Subscription Services', 'Retirement Saving']",9752347,High School,Risk manager,508308,Facebook,Sponsoring atheletes is costly. Any creative financing options to support brand ambassadors?,02:04:03,129435,"['range', 'can', 'budget', 'the', 'race']"
zy64WH,5d88c564-94a0-4a25-9b42-b60bc69fc6ce,Elizabeth Fleming,67,F,Williamsmouth,"['Streaming Subscriptions', 'Real Estate', 'High-End Gadgets']","['Small Business Financing', 'Tax Savings', 'Investment Portfolios']",1849082,Master,Passenger transport manager,1732345,Instagram,Trying out the new Tesla self-driving update. Feels like future!!,20:47:45,706,"['safe', 'outside', 'Mr', 'yet', 'measure']"
kqVpqL,2b2badfb-5873-490e-9d9e-c57753ddf8a6,Anna Smith,57,M,Kristinstad,"['Family Activities', 'Cameras', 'Real Estate']","['Tax Savings', 'Travel credit Crads', 'Small Business Financing']",1483345,PhD,Accommodation manager,3040879,Instagram,Looking for sustainable financing solutions to scale ethical production,19:38:20,56046,"['me', 'letter', 'result', 'themselves', 'special']"
160peW,c50ca037-94dc-472c-afe7-a5cf123cc1bf,William Hill,67,F,West Robert,"['Luxury Shopping', 'Fine Dining', 'Fixed Deposits']","['Crypto', 'Pension Management', 'New Arrivals']",3090219,Master,Geographical information systems officer,8293286,Reddit,Partnering with Financial institutions to offer exclusive payment plans for luxury buyers ,14:57:42,107549,"['thus', 'sea', 'attention', 'today', 'seek']"
fedaES,26b51a71-fff3-4955-bd27-47d34d633d74,Valerie Burke,25,M,Shannonfurt,"['Cameras', 'Mortgage Payments', 'Kids']","['Medicare Plans', 'Tax Advisory', 'ETFs']",3462793,Master,Race relations officer,2157276,linkedIn,Just landed in Balil Best WiFi cafes for digital nomads?,08:29:10,18696,"['full', 'matter', 'wife', 'card', 'financial']"
ILoNzw,21b15a03-c5f2-42bd-ad19-7d6b0911713f,Christopher Wilcox,76,F,South Deborahborough,"['Budget Shopping', 'Wellness', 'Adventure Activities']","['Medicare Plans', 'ETFs', 'Investment Portfolios']",6715811,Bachelor,"Teacher, music",1943736,Facebook,"Old movies were a delight to eyes. These days, its just action!!!",22:04:50,141559,"['body', 'recently', 'successful', 'yard', 'eight']"
Hdo7UT,d31abd67-bd31-42b4-a37e-4be616a30080,Laura Hooper,28,M,Saraton,"['Hotels', 'Adventure Activities', 'Luxury Shopping']","['Savings Accounts', 'Pension Management', 'Small Business Financing']",1865382,High School,Chartered loss adjuster,5976424,Facebook,Why does my bank take 3 days to process my payment? So outdated.,04:58:52,10052,"['forget', 'owner', 'space', 'continue', 'ahead']"
C3iCaA,7822a2e6-b1f8-45b3-a69c-022b847b0e5b,Carmen Gonzalez,74,F,West Matthew,"['Flights', 'Travel', 'Healthcare']","['Wealth Management', 'Investment Portfolios', 'Health Insuance']",1838640,PhD,Broadcast engineer,720217,Facebook,Exploring sustainable finance options to expand our organice farm operations!,02:09:26,88157,"['reflect', 'treat', 'discussion', 'right', 'consumer']"
W8OIYI,0b5aa8cf-d6d0-4ead-81f5-101c3731112e,David Roberts,80,F,Barbarahaven,"['Fixed Deposits', 'Family Activities', 'Insurance']","['Subscription Services', 'Retirement plans', 'Health & Life Insurance']",3573461,Bachelor,Furniture designer,5404595,linkedIn,Concerned about the recent market volatility.,03:13:14,38837,"['life', 'grow', 'get', 'news', 'less']"
pBrSPC,6c559fda-4d99-41ea-880c-28ab6193b7df,Patrick Leon,28,M,South James,"['Insurance', 'Gaming', 'Professional Development']","['Certificates of Deposits', 'Health & Life Insurance', 'New Arrivals']",5226896,Master,"Surveyor, quantity",9192886,linkedIn,Happy with the new premium credit card benefits!,04:01:51,66632,"['believe', 'create', 'finish', 'bill', 'color']"
Xp2N1I,076e094b-7e17-4d7b-874b-043e189ace93,Matthew Garcia,19,F,Gregorymouth,"['Home Essentials', 'Cameras', 'Budget Shopping']","['Private Banking', 'Digital Banking', 'Travel Credit Cards']",498384,Bachelor,Holiday representative,1412122,Twitter,Whats the best way to manage fluctuating inventory costs in the sports industry?,03:30:09,94501,"['usually', 'son', 'mean', 'recent', 'prove']"
U6woAo,bf285e4f-50de-4f40-a2b8-65af75e728d2,Christopher Goodman,37,M,North Margaretview,"['Travel', 'Insurance', 'Finance Investments']","['Insurance', 'Digital Banking', 'Retirement plans']",3208637,Bachelor,Chief Technology Officer,113740,Facebook,Looking for sustainable financing solutions to scale ethical production,05:37:36,135408,"['all', 'fill', 'statement', 'special', 'head']"
8DvzZt,d00ec3bd-cd9d-4b74-ab59-472d0c72154c,Elizabeth Scott,68,F,South Robertfort,"['Finance Investments', 'Fine Dining', 'Streaming Subscriptions']","['International Insurance', 'Digital Banking', 'Home Loan']",8776410,PhD,Materials engineer,3702578,Instagram,Why is my gym membership so expensive? Thinking of switching.,05:39:47,183880,"['everybody', 'fine', 'fast', 'know', 'just']"
CcxyFJ,5c1d1618-8cbe-4cc7-aab8-818344f13d2f,Scott Mays,35,M,Robertfurt,"['Business Networking', 'Streaming Subscriptions', 'Gaming']","['Travel Credit Cards', 'Digital Banking', 'Private Banking']",8624786,Bachelor,Medical illustrator,3474245,Facebook,Need to start saving more. Thinking of opening a deposit account,13:49:36,43057,"['out', 'lot', 'language', 'yes', 'scientist']"
Ic6dxX,e9acb527-0f7d-4452-9ea8-cdce43597c99,Anthony Conway,18,M,North Amanda,"['Tech Gadgets', 'Insurance', 'Travel']","['Digital Banking', 'Medicare Plans', 'Tax Advisory']",5632101,PhD,Meteorologist,7980393,linkedIn,Just landed in Balil Best WiFi cafes for digital nomads?,07:17:19,753,"['administration', 'budget', 'education', 'magazine', 'past']"
